src/app/(dashboard)/all-players/[id]/ReportPlayerSection.tsx	1
src/app/(dashboard)/appeals/AppealsBrowser.tsx	2
src/app/(dashboard)/audit/page.tsx	2
src/app/(dashboard)/balancer/BalancerBrowser.tsx	5
src/app/(dashboard)/banned-names/page.tsx	2
src/app/(dashboard)/chat/ChatArchive.tsx	4
src/app/(dashboard)/clans/[id]/ClanSettingsPanel.tsx	4
src/app/(dashboard)/clans/[id]/ClanStatsPanel.tsx	1
src/app/(dashboard)/clans/[id]/TagProtectionCard.tsx	1
src/app/(dashboard)/clans/page.tsx	4
src/app/(dashboard)/combat-log/CombatLog.tsx	4
src/app/(dashboard)/dashboard/ServersTable.tsx	1
src/app/(dashboard)/dashboard/analytics-window.tsx	1
src/app/(dashboard)/events/EventsBrowser.tsx	6
src/app/(dashboard)/external-bans/ExternalBansBrowser.tsx	2
src/app/(dashboard)/leaderboards/LeaderboardsBrowser.tsx	3
src/app/(dashboard)/leaderboards/bonuses/page.tsx	1
src/app/(dashboard)/moderation/teamkills/TeamkillsBrowser.tsx	2
src/app/(dashboard)/notes/page.tsx	4
src/app/(dashboard)/reports/ReportsAnalytics.tsx	2
src/app/(dashboard)/servers/[id]/layout.tsx	1
src/app/(dashboard)/servers/[id]/map-vote/page.tsx	5
src/app/(dashboard)/servers/[id]/map-widget.tsx	4
src/app/(dashboard)/servers/[id]/monitoring/page.tsx	1
src/app/(dashboard)/servers/[id]/rotation-calendar/page.tsx	6
src/app/(dashboard)/servers/[id]/rotation/page.tsx	3
src/app/(dashboard)/servers/[id]/settings/ConnectionSection.tsx	1
src/app/(dashboard)/servers/[id]/settings/LicenseSection.tsx	1
src/app/(dashboard)/servers/[id]/settings/LogSourceSection.tsx	3
src/app/(dashboard)/servers/[id]/settings/SeedingSection.tsx	2
src/app/(dashboard)/servers/[id]/settings/ServerControls.tsx	4
src/app/(dashboard)/servers/[id]/settings/page.tsx	4
src/app/(dashboard)/servers/archive/[id]/page.tsx	2
src/app/(dashboard)/servers/archive/[id]/restore/page.tsx	6
src/app/(dashboard)/servers/archive/page.tsx	1
src/app/(dashboard)/servers/new/page.tsx	3
src/app/(dashboard)/settings/groups/[id]/members/page.tsx	1
src/app/(dashboard)/statistics/StatisticsBrowser.tsx	2
src/app/(dashboard)/suspects/SuspectsBrowser.tsx	3
src/app/(dashboard)/users/UsersBrowser.tsx	1
